id,full_name,email,phone,created_at
53,Sam Lee,sam.lee1@gmail.com,59083016,2026-01-14 03:13:43.175188+00:00
54,Alex Cheung,alex.cheung2@gmail.com,39099603,2026-01-14 03:13:43.175353+00:00
55,Casey Lee,casey.lee3@gmail.com,94821993,2026-01-14 03:13:43.175360+00:00
56,Alex Yip,alex.yip4@yahoo.com,78657975,2026-01-14 03:13:43.175365+00:00
57,Taylor Lee,alex.chan5@gmail.com,87574911,2026-01-14 03:13:43.175369+00:00
58,Jamie Lee,jamie.lee6@example.com,60189555,2026-01-14 03:13:43.175373+00:00
59,Morgan Chow,morgan.chow7@gmail.com,47104974,2026-01-14 03:13:43.175377+00:00
60,Jamie Lam,jamie.lam8@yahoo.com,91703423,2026-01-14 03:13:43.175381+00:00
61,Jamie Lau,jamie.lau9@outlook.com,26846563,2026-01-14 03:13:43.175385+00:00
62,Alex Lee,alex.lee10@gmail.com,79244026,2026-01-14 03:13:43.175389+00:00
63,Sam Chow,sam.chow11@gmail.com,78666617,2026-01-14 03:13:43.175393+00:00
64,Casey Chan,casey.chan13@gmail.com,39624595,2026-01-14 03:13:43.175397+00:00
65,Alex Chan,alex.chan14@example.com,77412154,2026-01-14 03:13:43.175400+00:00
66,Chris Yip,chris.yip15@outlook.com,28084148,2026-01-14 03:13:43.175404+00:00
67,Chris Lam,chris.lam16@outlook.com,39336338,2026-01-14 03:13:43.175408+00:00
68,Sam Wong,sam.wong17@example.com,43957551,2026-01-14 03:13:43.175412+00:00
69,Alex Cheung,alex.cheung18@example.com,99075116,2026-01-14 03:13:43.175416+00:00
70,Taylor Lau,taylor.lau19@outlook.com,16761222,2026-01-14 03:13:43.175420+00:00
71,Chris Chow,chris.chow20@yahoo.com,99752882,2026-01-14 03:13:43.175424+00:00
72,Kit Chan,kit.chan21@example.com,33043483,2026-01-14 03:13:43.175427+00:00
73,Sam Ng,sam.ng22@gmail.com,57986828,2026-01-14 03:13:43.175431+00:00
74,Casey Yip,casey.yip23@yahoo.com,90222791,2026-01-14 03:13:43.175435+00:00
75,Kit Lam,kit.lam24@example.com,18033401,2026-01-14 03:13:43.175439+00:00
76,Morgan Yip,morgan.yip25@gmail.com,75989834,2026-01-14 03:13:43.175443+00:00
